delta ch(1),theta ch(1),alpha ch(1),beta ch(1),gamma ch(1),delta ch(2),theta ch(2),alpha ch(2),beta ch(2),gamma ch(2),delta ch(3),theta ch(3),alpha ch(3),beta ch(3),gamma ch(3),delta ch(4),theta ch(4),alpha ch(4),beta ch(4),gamma ch(4),delta ch(5),theta ch(5),alpha ch(5),beta ch(5),gamma ch(5),delta ch(6),theta ch(6),alpha ch(6),beta ch(6),gamma ch(6),delta ch(7),theta ch(7),alpha ch(7),beta ch(7),gamma ch(7),delta ch(8),theta ch(8),alpha ch(8),beta ch(8),gamma ch(8),delta ch(9),theta ch(9),alpha ch(9),beta ch(9),gamma ch(9),delta ch(10),theta ch(10),alpha ch(10),beta ch(10),gamma ch(10),delta ch(11),theta ch(11),alpha ch(11),beta ch(11),gamma ch(11),delta ch(12),theta ch(12),alpha ch(12),beta ch(12),gamma ch(12),delta ch(13),theta ch(13),alpha ch(13),beta ch(13),gamma ch(13),delta ch(14),theta ch(14),alpha ch(14),beta ch(14),gamma ch(14),performance
1304.846491,100.5702416,70.42970293,44.29086662,27.33710273,671.7858073,96.60582478,77.31786803,52.9507075,18.50389919,1135.036532,125.214942,69.38110158,49.01074181,7.848028112,796.6590146,143.8064409,71.95875208,54.39331133,17.45126886,421.3112089,24.04903843,11.92555447,10.7471852,4.054259128,654.4692324,59.65178237,47.08222451,32.12515504,16.89742299,551.7706645,69.54805726,60.88908583,44.50710457,20.31169849,4.143477341,0.609456169,0.496432993,1.398091333,2.19340214,587.1837832,102.5303365,72.32093714,66.33837866,21.15929008,640.4213659,105.3439867,73.80847566,68.88452975,20.03900138,1425.628621,246.1094999,93.37735274,88.94425863,21.73298712,790.9705702,145.1422044,74.19491235,54.04326183,9.871700208,823.1684326,134.2940578,85.32333981,75.60620545,20.2731196,616.0493589,118.9967639,90.30844141,63.82105487,16.7402892,80
476.3361543,67.87495653,44.44565565,39.2715028,41.36733191,201.4390725,55.39982294,43.90359141,49.5901549,22.45141184,541.3755607,96.43641018,52.36987358,47.732881,11.57223089,395.7587989,104.2782455,45.01494887,53.59548148,22.62355585,227.5527669,11.80160151,6.410288065,10.30947615,4.144254825,172.1426131,17.95234843,21.06957952,24.76605532,19.27644092,96.62216632,28.48951641,28.75247165,40.48041115,26.18334865,0.726182627,0.388645316,0.442484418,1.625412903,2.504672782,107.8406222,60.52257118,50.62686148,67.98167311,25.37950505,133.8456454,65.26795958,62.56434305,75.93668916,23.49656113,509.81838,145.7007457,85.01045394,87.79733519,25.63723655,370.0499454,102.2577006,59.4604902,54.58313962,13.43898113,242.9188129,86.6377039,70.93942073,75.96709695,24.16923314,182.2484594,82.01192296,62.3635702,63.388748,20.20254496,76
778.4826432,65.61830254,45.39124785,35.0879221,74.79398353,192.6151107,51.96269187,61.03315186,48.58522846,21.72575603,488.4346778,88.12174147,57.08636049,46.74047926,11.55458333,283.8138469,81.56136437,48.72518608,51.51271465,22.94534108,226.500899,11.87954861,9.211494014,12.64885283,5.118969898,179.777816,16.31875251,24.73392546,27.26536115,18.47407278,99.99083039,29.5459232,38.20958047,41.02428495,25.54063783,0.746909951,0.549489137,0.556692803,1.375212343,3.045651826,258.5572395,69.77698156,78.4508728,67.84445439,24.22726129,125.0697432,73.07898648,68.40252191,69.52141797,22.92632926,346.65473,144.742532,80.60600251,80.93366568,23.39395278,225.0058089,92.39244794,61.11028403,51.17315979,13.70206067,206.2761346,92.93844166,75.21172414,70.95190705,23.42040051,145.4780342,82.83763814,71.7840101,57.32162413,19.15946826,73
558.2001333,40.37303199,26.62618526,29.76768744,22.44942031,243.2608789,44.06073464,34.76248686,45.33408445,11.67117869,367.3983148,77.17195956,41.15156674,47.52984773,8.607792479,287.3087714,69.76655519,34.96289737,47.35046816,12.68813219,1941.859666,133.4018776,29.9970651,28.28244182,6.724619018,145.1801392,15.59997214,17.8414318,21.40601136,9.787253695,56.32300766,26.94095832,31.44439245,37.97027009,15.07881002,0.763738999,0.513663945,0.498593446,1.383321475,1.616201313,154.5076632,55.46808405,47.13708761,56.44277152,12.69871168,105.9212144,65.21832826,53.69645811,66.55255852,12.24842671,636.7423356,146.854227,56.80756241,82.24922295,13.71560646,313.4899304,90.70440306,45.78088972,55.03880511,9.475153301,221.4654281,81.68340091,51.76553907,70.7071844,13.40509148,154.6937494,72.88654699,51.12778151,59.23582287,10.93216423,78
825.4861095,59.42822932,43.33750287,27.08045922,14.18845258,444.0185187,96.05858652,67.53690504,53.2085689,11.65819303,763.8295187,180.5358567,76.71740512,54.79569584,10.09875327,1288.42184,284.7005132,65.54095112,58.06402128,13.45996567,442.4273358,19.21432541,15.55821924,14.49281437,5.430548612,278.1396848,27.82173048,34.87835036,27.13707752,11.52973448,200.2304015,37.6506847,42.02449684,42.43296638,16.53959588,2.014639528,0.910432942,0.920656029,2.091014968,1.826275956,415.043435,85.5339393,81.51231219,67.40801968,14.88418756,320.5001457,101.9389737,81.49903157,82.97745501,14.46952461,1716.404032,407.0394535,114.092476,96.4828954,16.54930594,881.5055329,205.2723048,84.57291233,62.22560911,11.42330997,533.7857516,136.7154151,87.15750789,78.0243997,14.75561044,311.7176677,106.6773107,86.99770126,61.37822336,12.63872804,76
399.5233456,41.05069507,27.93654581,21.50361824,12.1263021,143.0743139,62.44669447,65.48614453,56.09129052,15.0643192,249.7813884,90.16851411,71.72709627,60.00319953,13.39959153,351.2403414,90.65382052,57.05769479,57.50144739,14.20251563,167.5420717,11.85868722,10.37056669,14.06932775,6.267074284,141.8910992,16.06365205,33.32034735,26.41078391,11.8525269,60.89088611,30.99865655,39.02120019,43.69887685,17.31953177,1.578028767,1.065837628,1.060759614,2.600596321,1.785526954,256.1689877,90.63582191,84.3659701,73.55919662,18.35018826,325.5527544,98.3715959,87.39767328,81.153497,17.22972489,453.3684007,164.5666388,100.2058896,96.23896067,18.83812284,244.6694277,103.449811,79.53847082,62.44184514,14.18503764,171.4606426,103.4845061,93.40618495,85.08231015,17.17006659,129.2047131,93.35262703,88.12422503,65.1870187,15.09999624,78
497.3004959,29.86799786,24.10690346,16.86638465,9.236060229,118.0567962,38.84296818,72.48813524,54.72967813,15.88783687,209.8251359,55.32726836,74.4074796,57.79839855,14.53812216,1451.49996,65.24295215,56.65835384,55.67136348,15.70279177,99.2621086,11.4998478,12.64541936,14.7422797,7.532187688,149.3697138,17.77183212,30.38817359,25.58839087,12.01438372,61.4498345,30.76174309,39.28409054,42.37113624,19.42105991,1.566680521,1.318707524,1.531016249,2.810781976,2.180603239,125.3107962,68.81210871,81.14494836,71.60197354,20.11686734,303.9096663,82.26491667,87.08022749,84.85520757,19.85632314,237.9581869,93.72562412,98.76039972,95.68481702,21.64510132,127.1557373,63.6644957,78.21541724,62.04545941,15.24757682,128.6318102,77.26197247,92.27177479,82.40544607,19.36764224,95.88767275,75.01841789,92.73040844,65.20184559,16.97357071,74
8330.248236,108.5436098,73.50587566,52.63655312,7.426129682,246.1809649,47.67641634,50.61083502,41.56115258,7.68278794,241.4018673,67.59439951,54.99627787,46.19422561,6.785650974,238.3169452,59.90807412,45.90154736,42.86940182,7.022841324,163.6198101,11.70302778,9.598708233,12.88377695,4.863091377,214.5297716,20.69852675,24.58119711,23.92233183,9.500034719,139.4148151,27.77090837,30.262613,33.88953147,13.85338386,3.048023078,0.996932406,0.717308072,1.751042548,1.27602604,152.5475818,76.0352604,52.99176978,55.18669409,10.51619046,163.6564885,77.11949877,48.81779259,60.89631249,8.941056443,293.489561,107.5814958,69.44220838,78.38121626,10.38201662,187.5543497,74.38888442,58.723016,50.42592969,7.080367036,193.7911118,79.19518461,59.77708694,64.33950151,9.412891438,153.9544978,75.19598132,63.47369796,51.99632873,7.309640567,70
2288.249629,91.26693644,86.40033826,80.60818231,13.14548654,250.2881018,62.79706737,63.16568384,70.32873532,12.79664627,268.4703111,79.49904728,68.67404161,67.32855736,11.45326495,280.4400265,79.00742362,54.23761162,68.9914194,12.40601532,139.8934017,18.53960566,16.76201183,21.70633424,6.30485138,125.7345741,25.31004424,35.13522504,42.4149972,12.41297653,71.73919123,36.67481997,49.1171791,56.35189554,15.96926988,2.070768216,1.729496251,2.389915919,2.930361648,1.998994536,89.77385916,76.48543101,83.37006514,81.96951199,14.62508794,127.132735,83.03595919,84.71855205,91.37917821,13.88604865,305.5955541,113.1933937,96.02462885,102.4790654,15.55474112,197.7459311,86.49416462,76.01059032,72.00676063,11.7644381,157.018407,91.95185768,90.71411942,95.58592158,14.82996732,131.8353406,83.27241999,85.02931386,79.83521374,12.65460852,72
4526.464976,265.1007674,127.1223265,85.91476059,14.77435389,244.7935419,67.83524559,76.49124581,52.41211856,10.56325503,269.7889799,83.12918709,77.24075564,56.26234101,10.0125493,237.6668199,68.50313563,58.70560515,51.98326485,10.08082017,153.3777486,16.73412908,17.43821061,18.10619016,5.777368149,140.8596036,23.35321436,35.58659403,27.53300207,11.19117592,116.4347327,33.83041083,46.5400023,40.29170669,15.34914495,3.599417958,1.89145571,2.037916895,2.936252152,1.957105014,179.1485272,72.98790384,76.07148437,63.56663047,13.10224818,192.6380656,81.27317714,70.36182505,70.60505055,11.86209686,460.5373314,116.3144062,79.70633581,87.4706009,15.07320095,287.1564337,88.00224533,74.03023459,60.2192279,10.58365134,248.287761,82.03797676,73.97352012,74.84606281,13.31858422,210.532558,86.58153943,83.38828373,59.59944052,11.39339224,71
1785.921884,84.01897879,83.75373549,40.82391954,7.696062587,245.4870277,48.89283269,69.75503725,35.08086728,7.921570892,520.0501605,68.84071704,70.16790729,46.05888617,7.895280887,116.2598199,45.80094751,52.82445156,36.98359724,7.379543029,179.470668,27.80156869,25.78217932,13.80894157,4.663327188,154.9164452,16.98978769,29.90889862,18.13862327,7.927971793,93.8372106,27.00032669,38.95486232,29.60441314,11.74515831,3.19498599,1.579779923,1.78320839,2.743389628,1.745953949,202.0426614,50.44343246,60.9514114,54.10046469,8.507438494,290.9965406,57.76432342,61.93470643,65.31366665,9.060217417,155.4888723,66.3295346,78.54605544,71.50366629,11.17065213,156.2679291,48.92870762,72.41124618,43.81414185,7.334425565,159.2117079,58.95349721,73.00526278,61.2327447,9.582550892,111.7997983,60.56146214,80.69362042,48.23091533,8.333641503,75
2943.867422,106.1595295,62.15566593,57.38203489,18.20879648,322.1261947,41.31607947,40.94423998,47.78426543,20.97607055,253.6351087,65.97274046,47.43847374,53.61974615,15.73720601,213.1639161,48.54118585,35.53506971,47.45132041,20.64956911,263.2416563,39.80514069,22.77670211,19.31324205,5.266431141,116.6011291,14.89554401,19.87504291,22.53786993,17.42664934,84.18296699,28.51934693,32.89677911,38.08268995,23.40501431,2.92237177,1.96388847,2.559431065,3.913127173,3.416351098,271.3358628,49.04926752,67.89979591,66.12273721,23.26133635,235.2817564,68.0638379,71.09341854,76.88228868,24.04512157,233.3385553,85.28975411,61.53886334,83.41770964,24.70160791,232.0011002,68.12870975,46.64444008,55.17424461,16.32734077,168.2139763,68.04244655,61.51585003,73.39347815,24.53042933,125.4109672,65.64703867,57.63858198,59.73517838,18.9385709,77
2027.931908,112.6561909,100.4994419,49.40457157,13.47097213,165.694622,46.39827633,76.18163888,42.14060105,15.34993281,108.1007559,61.5824821,91.56896386,49.81721482,12.71097057,118.0962228,42.010581,59.66221581,43.66223028,14.6969622,172.2713368,19.99876039,19.80095169,13.99314648,5.650594731,97.53671322,16.92300731,33.32255089,21.10383709,13.00403855,54.40625137,24.85385961,47.06116808,37.91931937,18.40217037,2.984215946,2.384393775,3.655070964,4.002754987,2.530106122,238.1255881,78.349726,87.34399967,59.55498164,16.73325191,299.3853174,108.6908925,119.7304252,79.61028984,18.15925493,184.3866812,100.4437142,96.68994286,78.57976263,18.95865817,118.6621727,66.64684508,89.45558071,54.05994245,12.7428514,118.8143762,78.2780087,94.34234956,70.60604061,17.78702759,101.3861549,66.62414071,108.462394,55.28709562,14.37612185,76
5379.068397,173.1598312,96.99852366,64.67689654,16.2813306,295.0268137,47.88766033,54.89687099,44.75288137,16.17133472,159.2178754,58.57612675,63.01990713,51.3379849,14.09043489,144.5550235,44.95141508,44.70148679,45.55577262,15.84483451,199.0053297,11.70209728,11.50875769,13.1115111,5.793950089,154.1547878,16.38217605,31.19098967,21.77866725,12.81627262,75.28960475,29.411591,39.59311726,37.92890803,20.32331975,4.209431403,2.695854138,3.276351701,4.213659843,2.449236819,1120.771585,65.24049708,78.07028472,67.11165089,18.6082848,430.7344774,59.77941498,71.25686868,68.04481907,17.82290318,227.0397991,76.36995801,74.0849978,81.47828736,20.85059627,124.9007977,58.73487179,65.9422273,53.75549651,13.97337654,162.8072132,63.00130988,74.61151852,72.84559589,19.53870141,176.2070746,64.52798228,79.66371567,56.75530655,15.64718809,79
2602.764669,179.8414187,96.74045016,66.54187013,13.42994699,247.9747795,45.34246511,67.65056055,48.96120417,12.43612329,200.5177838,55.50889204,72.52961943,52.40165791,13.06387663,173.9309954,43.68163397,51.88654797,48.70324825,12.75842464,142.2370297,12.44464883,14.93050875,13.66787658,5.10133054,148.7003176,17.94014743,35.33962007,21.65329183,9.436331076,80.91589133,24.99974617,37.12041871,36.93659233,15.63366272,5.055340588,2.657568755,3.2588745,4.976846285,2.306563142,135.7281893,66.16632779,66.9145417,65.07072258,16.78325443,138.1862432,71.70324416,75.85110131,78.66441722,19.12532214,198.258719,71.28502701,75.93665825,82.09546716,18.72651887,126.2207599,52.18516731,68.77441037,54.65158905,12.99526076,118.5138774,61.33310036,70.54853255,73.48795317,17.73678503,126.5522274,61.21775289,80.14223852,57.09629053,14.26711365,73
4693.105978,163.9272945,105.596864,62.37565704,14.29138892,274.9353136,63.87226823,84.02171697,53.31417379,15.32962962,199.7483031,74.68760322,92.90747867,62.23841577,14.59553554,229.0752608,55.73723622,68.50991037,58.18766487,14.40426492,158.6235526,14.3439225,15.44960908,18.41159805,7.007314498,168.585214,19.62568077,35.36888599,23.42014957,9.711097021,124.5088301,32.01899512,52.32246887,39.56194599,15.195834,8.617669894,3.599670583,4.942855796,5.787143937,2.428239839,339.3467968,79.62732125,90.85581259,75.71967617,17.40079769,377.7759494,92.64472258,96.12678455,87.79597824,17.64412374,213.4363262,95.87135658,92.79395593,98.18495498,18.39100744,157.4317343,78.31843677,90.93193892,64.88944093,13.71202184,172.2744633,85.82547463,93.71945621,85.9981081,18.01577671,199.1078571,90.69178331,107.2439879,64.98740685,15.38485877,80
2059.208628,155.6286987,95.29919147,54.03087943,13.96785635,255.2428618,64.70834231,64.98003625,48.57873863,14.51482556,322.0428476,93.0695338,79.65053979,55.67250952,13.99998064,245.6804749,74.49194656,50.23936351,49.1478566,14.36408949,144.1458181,17.35427103,17.31759273,17.39572857,7.568720794,160.8461461,22.45117653,49.35849125,22.60858414,10.68151657,92.70231749,34.14930491,67.43737793,40.18722345,18.11343776,16.91448797,4.891255523,7.179143994,6.686311881,2.74988343,564.2540525,78.66854461,89.11061321,69.38725539,17.62141847,299.3053127,75.68152298,80.30572832,75.42341464,16.37071564,227.9983684,110.5396897,104.0515826,87.98475909,18.4427795,1988.101593,157.3360946,125.6616385,72.92908273,16.28303294,159.380015,85.39865561,103.1752691,79.85197775,16.89251487,184.6200137,88.48630803,109.7962481,64.43854727,15.39089232,74
3152.41516,167.9232212,75.69775894,59.62154829,19.34360572,326.6612706,60.09265741,51.86884974,45.71884318,25.64656395,285.6699493,109.2587505,59.03281501,53.64732928,19.39933578,276.1005984,81.53463612,40.60375039,46.7445814,25.09213737,119.4269852,13.31057053,17.00647048,16.38911125,6.448492121,163.4254616,21.03302809,32.93714076,21.07651998,21.29529953,77.490232,32.6945714,40.46522358,36.83397286,29.73946095,9.147774248,4.953050509,5.506998317,5.976767217,3.663417161,675.5733054,91.6779859,73.37430038,72.11608001,28.31956864,387.0551977,91.54711509,73.80931871,77.00516042,28.26382544,372.6894323,133.0739892,78.45662334,85.86878258,30.041793,275.3915293,127.7970853,66.44787646,57.70477935,19.23058412,220.3027687,109.5478295,79.53901328,77.65565105,28.73401573,197.3490697,105.7004994,81.85589148,61.66825279,23.39060447,70
941.5664449,83.64697722,66.74148843,46.69634719,12.35223865,379.2475991,86.63939453,74.96618516,55.24522932,17.93186878,306.5797593,92.30685152,74.07742152,60.35516801,14.13471846,244.7576235,79.0673367,55.32634612,55.08703361,17.22054059,151.2508116,38.34231375,35.94204767,26.17578109,6.372828847,247.8541934,60.87867967,64.26355883,34.48896253,18.12778433,196.9099581,67.86719396,65.25935427,53.69557798,28.66558432,18.02645489,8.776570088,7.55084586,7.39626788,2.950940506,698.9693232,114.661217,102.5534031,75.05149491,19.20050547,622.3327941,128.3864908,92.76617127,91.03559944,23.16149028,417.578758,138.3680906,91.93644159,91.90264402,20.80727308,220.9365089,97.65075663,71.32349037,62.71336035,14.1747614,368.1333829,119.3202246,87.64368856,86.77340574,20.11974138,285.4468187,106.9087607,84.99038884,67.75090424,16.65991739,77
1270.179848,81.76687455,81.8699995,41.51414326,26.23767601,305.0198978,53.85828753,82.69044863,45.75975633,51.80130136,201.2320305,70.263995,91.75099966,50.56102041,35.74096187,286.7400088,54.57665114,59.63275652,48.16921457,53.06716158,223.0186545,28.4514183,27.5401584,34.27378026,10.97416552,218.8397655,24.85469397,44.19454183,23.41045218,48.9447565,140.9190457,38.8559219,67.0366878,43.76003806,60.76710586,16.11521002,6.4282732,9.220876721,6.392311519,6.58693497,992.8094402,93.0023199,90.84810342,64.1744791,55.78734185,818.6264082,116.7188389,94.73591787,83.12796765,58.59487359,273.0806663,100.4546469,100.6145142,78.25037533,58.91062537,134.9321846,72.64367961,91.76386809,53.4171185,34.91052504,213.5998543,87.03434007,102.9060217,69.29307165,58.0755291,338.1110687,79.77730868,114.4811467,56.49349658,44.19429586,75
729.1255928,54.64465237,62.620678,39.216323,15.87453586,293.9198268,62.80773012,69.54833685,42.0778683,32.5676858,257.3673694,79.83932628,85.06730163,53.06675317,24.35199807,357.9273909,75.35415957,63.19464381,47.00894379,33.1819876,299.6941173,98.74978128,32.92462936,30.149825,12.57709424,154.6239506,20.47718164,67.50915014,18.60308618,26.56443689,95.96087977,40.19593608,153.8305106,35.09645768,31.91911485,22.20061222,7.252243962,16.69989416,7.753356393,4.776269457,409.5223587,84.32757794,113.8082668,62.06302924,35.93676476,393.8292851,82.85181846,86.20557511,69.51770965,35.29667988,364.991646,102.3380187,96.65503295,77.10899655,36.50423844,194.0926323,75.92528864,82.20778048,54.73539763,24.04416199,261.2312731,82.60417175,93.82658095,71.0464887,36.45983383,352.3057449,79.72579439,95.42740187,59.40434806,28.73305057,55
682.0770926,57.71768141,54.13540516,29.96517318,9.03500546,306.9951761,64.78678304,71.73547005,41.01388742,30.47858726,354.4425575,90.70698334,83.48185236,48.93960336,21.46732505,889.2255353,113.1336661,62.0528181,41.60637025,30.89046628,578.940308,35.97229709,23.07365088,20.58710115,9.26016847,112.771312,18.11464637,49.86028783,19.39675599,28.81721117,73.39592555,35.64664406,109.8394176,28.64212655,28.99612974,10.01715152,6.444087207,11.40398286,6.291141302,4.694964162,228.3279777,84.03953606,116.2464719,57.65860677,33.41240934,266.43928,81.36304399,85.19984793,62.63690701,32.44208088,821.6664013,155.0969976,95.26332448,73.75034601,34.37318224,253.2104137,96.70238017,79.87138694,51.33282325,20.98508618,240.5340257,98.90433886,83.94066485,69.16271434,34.50138632,217.5465546,89.70051992,90.44726234,54.66591489,25.99782546,60
1829.703716,107.4075331,58.0562539,31.52125943,8.48622669,978.3496895,60.5107203,81.33221005,42.46278781,31.34914625,480.3942153,90.48144004,92.13259692,47.52918321,21.05584826,838.0415891,127.9865356,75.35807718,41.15256121,29.80438772,284.4755524,24.34015581,23.03160681,24.47500762,23.50588193,312.3994282,19.34987694,56.66302359,18.7982095,27.73309536,153.0309081,36.21060468,141.3607427,30.2402767,29.85225263,22.23229231,6.65215577,16.7419709,6.932071321,4.745329722,1355.521232,77.82185693,127.1919165,58.65745949,35.2510735,1182.498329,80.99568863,107.611564,64.92218401,33.68422917,918.1906577,123.4172609,94.58644,67.66050066,31.80111054,433.4222973,95.35392877,90.36656907,49.018958,20.43458356,344.6302709,89.95217462,107.8243256,69.67794751,36.25574495,460.3764398,73.2597234,106.4022189,51.23950413,25.40716701,67
589.3776104,34.43965329,37.45337322,19.71665913,8.569696115,267.6732256,43.80399247,69.09269894,33.40560422,40.85939255,200.2344138,56.92884793,71.52077976,37.98009103,26.64938364,338.3585557,52.37029196,57.79436078,34.63197379,39.11622118,97.59148933,10.61378597,14.17784714,22.28846629,31.43732016,512.7636464,15.04007008,35.14509384,14.83264934,35.19666769,107.019998,29.54230212,82.23141897,26.37121711,39.57875891,34.45187102,6.912843916,12.64998226,6.996635104,6.600129642,1206.20404,69.79302461,95.34942755,55.13930843,41.94715737,700.9946304,72.23428685,87.16458643,58.83819125,41.2217112,544.486944,87.17044567,73.08703906,58.29353349,40.03410643,218.2389527,63.28461506,65.8954791,40.86608177,25.81534094,645.0477274,65.72958027,75.13944669,56.13129532,41.18160463,534.3905032,57.26145786,76.22085827,42.43457963,32.30489379,62
543.8142026,56.0607733,56.60453761,28.15233436,5.374223308,271.650027,69.2304218,89.37795302,40.2227449,25.20375552,601.1925131,94.88411202,101.274389,46.56257922,17.15258712,322.1969079,70.00976658,71.44165802,37.61688193,24.08379549,169.2722202,17.95330653,19.82092398,12.8559643,6.6069062,559.0868939,27.43596152,50.55712215,16.1331238,20.80576271,114.5487472,43.99633475,116.1292381,30.07031782,22.64398516,30.60424636,10.2162035,16.45051843,8.170018427,3.469771989,1263.321654,94.0837493,103.7578325,60.42514844,27.40324585,576.7079209,100.583863,98.39162402,67.24253492,25.31752655,625.8047648,101.2894637,98.62390121,67.10469631,24.73978316,426.2496389,97.65121514,103.7586678,49.63428062,16.43880762,976.2420309,110.7818138,112.977035,64.71796598,25.71506452,605.0214231,141.792149,128.4189497,56.14128024,20.77956313,59
593.6955508,46.10130433,51.4016443,25.70553191,6.061615342,227.4463827,64.91881561,92.30588349,46.88934758,42.58783937,252.4575696,88.59355619,102.3281241,51.37222944,29.8468273,375.4204511,71.07322387,76.72846665,45.20172637,42.32666668,200.9095602,16.1628504,16.65211301,13.42051131,9.233668518,503.9555576,25.33003764,52.80302072,17.85376868,36.77797843,96.15571388,41.93104497,156.2476362,30.469812,39.70086752,17.98580683,8.393243484,16.37652395,8.86756097,5.479653185,1009.291544,81.69641927,93.83522235,64.44563974,44.988247,623.8438761,91.13758048,89.31026715,73.32484866,43.717022,502.1187947,93.25904574,99.34630828,71.43074861,42.79546815,407.1358421,89.85836945,101.9446645,53.4726063,28.50254771,714.4449713,90.84232574,109.7850575,70.98713631,42.96965342,518.6687278,103.4087975,117.7054787,62.8043046,35.4691664,43
427.0448394,34.68206435,39.74062954,23.34378138,6.202687367,3810.21416,196.6993629,195.2390564,97.19312149,38.78964236,314.2414914,81.75948552,92.70195025,48.57891921,27.09560841,573.709567,87.84801579,71.98160354,41.64440893,37.01173778,139.1258005,12.09888808,14.56877847,11.3323843,7.565339859,602.4140047,19.62982833,58.19187628,18.77487216,32.15190522,108.3432183,28.99708282,196.1437304,36.33396004,35.53321463,21.52499971,10.15746863,26.83967156,9.07825902,6.016988019,739.1382534,96.54859154,99.93432452,54.95549074,39.38854323,416.8010487,99.97120708,66.51553354,65.85035849,38.66507362,943.0381584,134.9777342,92.5943186,69.56623258,38.27560323,328.1760727,84.35753017,84.83572946,50.14887595,25.45916606,677.1322031,95.42616285,88.46020754,65.28402204,38.22051688,347.9963766,83.65991031,92.33079146,57.73887135,31.24946122,47
506.0402841,29.86966034,42.22788463,24.25438393,9.343368454,24706.79696,748.0606655,202.2129844,136.11475,85.42475956,176.7501055,75.10861924,94.59119869,51.23786836,50.71501573,167.0341089,59.21600121,67.45350328,42.63897081,75.29541508,200.9083295,14.47319806,16.25074646,13.85646912,16.95897124,525.5864513,19.89677917,59.9881308,16.70019343,66.57067895,93.43167409,36.01856005,160.6833579,30.48716323,72.78700302,19.26774815,9.364438778,26.96116061,9.615520508,11.91032688,876.3826635,87.89944249,124.4085946,62.35693336,78.83880869,443.2524903,89.72147149,82.11572045,70.33869991,78.45550804,494.5456677,84.96075689,87.7602054,71.45484153,75.16594322,224.2856564,70.4172561,87.7587622,51.32411652,45.26077672,587.1620754,83.04464337,90.28942171,69.53946272,75.92659731,298.273982,81.99206506,106.7730459,58.17070167,62.70043747,63
259.3196771,25.13680695,31.5585355,20.35369268,11.29196656,196.2193527,51.24654802,77.2688669,41.32106942,87.28964456,204.0343593,79.42506176,86.90994494,51.83416053,59.70692272,190.9419825,57.91972801,67.53751857,43.2082549,91.244291,208.3630948,13.49243318,17.76521131,16.53958104,21.37812103,519.1856222,18.69840471,59.98428884,17.43107728,80.96709512,138.1291908,35.5913338,140.4835085,35.30526188,92.33554215,27.63509068,11.56457186,23.94068937,11.00691811,17.33012685,875.7721041,89.92658389,99.88756615,64.6343309,96.19630578,629.353231,101.6404728,86.56717837,75.88186023,96.42652088,571.350732,94.66245186,90.36375393,70.77345952,90.60574167,305.3459498,86.16112758,88.41172533,52.96965142,51.78823445,858.3702905,94.24492549,106.5967067,72.93558279,98.41091458,425.0541839,89.33959867,104.197034,58.96445946,72.83858963,52
302.7474917,27.36319448,34.71858827,19.32623657,8.32404899,210.4599521,72.36351328,90.81417189,43.2464142,106.8682688,284.7734967,99.2519075,90.10751235,54.26394989,74.1648438,271.3816187,70.52388821,66.49861845,44.30430436,110.819208,236.4370903,22.41013164,22.07777871,13.15371847,23.79629657,584.5675267,31.15025212,59.99705885,18.31995128,97.25618322,297.2450043,56.10915496,103.3755865,31.06484444,107.9510586,35.0784996,17.72793837,19.08426961,10.42132226,19.10197048,1222.036077,110.2240368,92.2258342,64.28568729,115.2269673,1020.557318,134.17666,95.87052242,85.76917882,115.5478793,532.9969786,99.34682494,92.29153755,75.09626153,109.0328682,335.2135292,89.98060132,84.24617644,52.95077256,64.07449084,483.8317262,105.273018,115.6700242,83.93046183,118.7144779,435.7698338,94.27616263,118.6107177,65.53372648,90.75479558,45
270.927275,18.37450986,25.11021168,18.19811155,8.324132641,223.1171585,56.25688496,75.74158526,45.31340141,110.8923212,229.490422,69.44481918,90.19490804,54.78708024,77.48436345,296.0382647,59.17408795,72.38241899,46.17071542,115.5400324,151.0623903,16.01094496,17.9687332,11.29613408,25.09592515,456.7590019,20.69610332,68.19976558,20.15410741,101.6616467,112.5519962,37.70283069,200.5493066,36.6128396,113.4839008,52.67579972,13.06758831,30.44077799,11.48010819,20.78406963,1500.587641,90.42133281,124.7509846,66.10263185,119.8245583,768.1919223,96.35461094,94.46789492,72.39466885,120.0198369,661.7446455,87.97244888,93.94154769,71.88403854,114.4009726,378.7329052,64.46923888,81.98881586,51.43295985,65.3070259,41411.20826,1961.48511,708.907915,605.082539,154.3754355,592.0937175,69.11595152,92.74193938,61.72440951,95.07102923,61
208.6116842,25.05838687,28.18565862,15.90109907,7.817708392,264.2108671,59.49338717,84.21093702,40.83093661,115.4015294,325.7021486,96.41524365,97.3762881,47.52911493,80.09690607,307.048095,63.59442091,77.66933598,40.93075296,119.8728469,251.4725065,19.39384319,21.56624299,11.39432307,26.94771393,517.0629724,29.38925342,73.16949835,17.12252724,105.2766785,148.1362871,47.8870624,126.7931021,30.21062283,117.383707,67.8766043,19.07314135,28.06531239,11.74415755,22.14422249,1263.125252,124.2113899,139.8955291,63.230547,125.4894016,821.7542934,111.1316633,104.37463,71.47950527,124.6389944,553.7926626,104.6741929,88.75811933,66.2518006,117.3544681,281.0538094,96.01465066,83.65411374,43.99343633,66.16921331,556.7786905,111.2211347,88.98768213,64.2470539,118.8637345,421.5425678,107.3858081,94.2255765,53.7171314,98.08927172,50
647.8324173,47.44201062,32.22701805,28.55793736,11.62429124,861.6028298,91.11722446,70.47661379,50.80458718,129.2296125,860.0071474,118.2795305,75.75671987,56.35667289,90.70478274,857.3428174,90.93492611,54.56035836,47.89511968,133.3838526,677.0770225,44.12600264,26.79205796,23.02970316,35.61377698,1452.606026,67.64075097,64.74517932,32.29155978,117.7652557,987.3473281,90.4499007,149.9548602,49.58551738,132.2657329,219.5077196,23.15362734,37.43406814,17.03445686,26.04566678,2046.459141,156.5061801,146.4807927,94.21103867,150.9779471,1675.987592,181.2698734,170.6132259,202.8746849,194.2820726,1007.024326,136.3370295,88.6733259,74.69726169,130.9373114,1264.322779,119.1265531,79.17053916,58.60268614,74.80766168,209630.6108,12127.59817,4424.091458,4367.503938,658.8443472,800.6414247,105.553422,101.4864836,61.11427601,108.9977413,56
240.2059238,17.14448972,20.46617718,16.28355877,8.919080988,365.4291903,57.286316,62.7207644,44.36388999,136.0393025,429.0397712,67.45343207,56.70986351,49.51399755,94.49863577,4827.402284,190.8019387,89.62466579,61.81977985,146.8585756,1008.485998,771.958418,1774.534269,7005.1396,2952.011166,860.8575071,16.86956655,36.84015828,17.7503349,123.34028,477.9579674,34.57281903,90.86853144,33.32647208,139.2804685,153.329495,12.60152852,16.70782479,11.87523629,28.64017292,1574.641225,92.9688334,87.08142592,65.11678898,146.9646278,1264.664485,109.0582739,301.5334984,917.1144705,425.127689,733.641977,82.05473819,65.45084514,69.77580752,138.1392005,526.9928246,62.05890385,55.54689958,47.45912012,76.14900677,678.8417577,70.77882581,63.68630311,67.53000243,138.8979469,552.751039,64.69618213,66.4816216,57.03050853,115.761452,68
219.7194187,17.33425054,28.29243318,15.24929832,10.05172434,290.1015682,59.87339537,86.30971378,42.80492535,154.2419421,430.6517562,64.52122925,104.0905433,47.97764841,106.1826923,1172.236605,105.4009137,87.58305267,57.22459343,163.7430133,17522.37096,514.0755713,154.1708937,196.780576,141.4255153,1005.621582,27.17194343,59.55135979,18.14226053,139.2309698,205.1617062,37.24621282,163.8638385,32.06123754,157.9228316,83.12987265,16.07307843,27.12497652,12.45361887,33.51822679,1788.184135,116.6899368,125.0718846,66.49155639,166.3543086,1285.042679,594.734726,477.2486423,772.872767,273.5440303,914.8480541,84.52050553,101.610917,69.20556787,156.259355,530.6167107,70.97527533,91.66203241,45.47383337,84.27413382,961.873553,89.16869403,105.6319864,72.47475742,158.5726848,697.0100458,76.38069675,112.4319103,56.08692471,131.5097661,64
209.2344824,20.83643308,29.53366812,14.29737516,12.59583693,301.7103302,50.23998927,70.63318499,39.62108213,180.8876663,297.0188554,70.79043114,77.66250802,45.68146481,126.0030623,1524.900142,84.94639895,62.87140113,46.93857335,189.0197192,7517.877777,147.9508673,65.14672452,77.53219963,95.77724313,1629.842656,27.20719603,81.21881167,16.78934045,163.8508661,326.4320462,44.6114686,112.607085,30.84424623,186.0519639,89.91674036,17.52818092,22.0677408,11.7153216,40.6642395,758.0247813,106.7829425,110.7208203,60.19602298,194.7737825,906.0195729,819.2926612,398.9900577,512.5511841,237.8774502,1320.278049,107.5561773,88.48012574,66.90046308,183.8167839,965.2149181,87.29499165,82.47319163,44.83285823,100.7001567,666.2581224,106.1826066,99.16816654,66.05797102,184.0574821,392.5604587,95.16524707,105.9953956,51.16026297,153.8845688,54
298.2589516,20.28230499,23.24820995,14.66787558,13.42299631,270.5392315,61.20904073,68.63254635,44.1945461,175.3354326,800.6983869,142.4892063,105.2486942,115.6776606,141.3573911,416.7370572,64.40359117,54.44879955,44.85161938,181.9773391,11202.49603,3995.660948,1667.943966,2801.078312,393.7500995,1604.952688,25.28900338,41.59703431,18.15160041,158.1633352,520.8448518,37.99099378,76.98843918,30.19902617,179.9063607,177.9786825,12.70623405,24.42485435,11.69059185,39.9773461,1592.919528,81.55849705,111.0145023,64.9694381,188.9490262,1710.408785,1490.407246,230.0219996,323.9525685,230.2661187,1778.528549,95.83516621,84.4027107,74.83687044,177.7579034,507.7734298,76.0079552,66.05848194,47.40700419,95.2511005,1223.277044,92.0362747,96.93994333,73.37460158,178.3126289,810.5329307,75.43145308,92.20951756,53.69233553,148.4585065,40
249.4574248,25.5517232,21.26120069,13.46031789,14.51840287,829.8447533,95.03096391,80.72578605,45.18984171,216.0020421,1322.066382,142.3846916,81.77385373,56.82639844,147.1131252,792.8329309,85.84795974,64.1385182,46.51432039,223.5644068,393.5450423,25.558275,19.91923413,14.47947751,65.72902159,1299.041808,45.30366823,55.28703165,22.38863145,195.422246,843.0074128,68.80079701,96.11472734,36.92054563,225.5947599,203.7292844,17.54347374,21.12839841,15.41687365,53.59139205,1441.909059,98.1677645,101.8556369,72.30278104,230.5706798,1357.588967,141.2096302,116.1589433,87.70326172,231.9358217,1040.45379,122.8838753,90.94011925,80.52315929,235.5082437,952.4029657,87.07932096,57.28425095,44.95831313,111.4543375,1166.538154,106.6467111,93.77596668,76.06599518,234.5906427,978.8602397,112.3578595,84.83800668,54.129603,171.6196575,46
335.0127507,16.4151606,24.22620447,11.17674839,12.92289075,657.6677387,56.54239811,81.41233563,38.17460749,210.9790478,652.1332601,88.27427871,93.78759303,43.03825946,142.3837261,297.8904131,56.15129448,62.28806812,40.84687984,218.6932542,134.4375656,12.8553995,17.98420768,13.78810881,65.9627415,1027.885743,26.47792235,52.25684233,19.72337292,189.8490679,327.1088943,40.79465219,128.9789439,34.55450594,220.851984,92.31980265,21.16791017,43.02765237,14.74043421,55.17836138,1005.605621,120.2948341,165.0266571,63.85407654,226.0490107,815.216124,138.8951325,143.0664241,74.9610713,228.2372319,617.0525115,105.2221188,113.6185966,72.06422315,231.0750951,526.6931352,73.26086465,80.99036877,38.12709214,107.8288516,599.3336706,99.15386964,129.2491575,66.03629646,229.2711117,684.4536772,82.50751948,119.2718747,45.85583299,168.940513,51
216.0641451,14.7748089,19.41756849,11.33970951,15.59681716,827.8026123,59.26194417,64.66499805,40.92626265,246.6868057,1786.664739,123.3094723,86.55905267,56.39464115,168.1821643,812.0430949,72.88398273,54.40824833,45.25809871,256.5090201,2961.63361,741.2710858,515.1072836,1585.670265,819.4568726,1231.966519,32.78658218,33.24862413,17.80634672,221.8932626,761.8070805,49.44232486,71.65565557,34.0406299,258.2359309,203.5738517,17.80802486,20.36881143,15.24437202,65.90643879,1520.586283,98.07595657,79.93554154,61.20917842,264.8505437,1428.358348,1365.240405,529.0353192,496.4727285,340.1958941,1165.911641,109.5219722,83.27133706,74.43988053,271.5091288,938.9862653,78.87077043,60.85925265,39.14963372,126.383105,1005.061368,96.56550193,79.79673347,65.50830119,269.033691,877.4230729,75.6046723,81.43649017,46.03381285,197.2021468,65
317.8404078,21.09170499,36.177107,12.5496274,21.6599745,812.5443199,66.31105834,128.8322866,41.72724775,357.7360192,1218.781785,85.92040404,118.6782386,44.54074044,234.2743988,661.6581897,62.49315303,99.66871203,41.24543357,370.9900069,265.9832424,42.72749031,159.9919909,1137.086361,206.4842366,991.0031813,45.24378214,68.40359636,19.7523322,316.0522302,768.0903943,69.25324258,218.5420311,47.06324629,372.6647563,230.7147202,27.65881836,62.13800439,20.51288287,98.22997911,1673.728429,109.3380365,118.897575,71.87766267,383.043352,1505.518727,2623.864733,217.2867106,500.5993878,439.4064965,847.0998008,97.74735284,136.9928915,75.09470401,393.5536421,845.0906458,84.27692788,103.290506,40.64256896,177.8821146,974.7848844,105.7285161,160.2322811,72.46003282,389.404664,1078.417559,102.0698967,160.904884,55.46603818,278.7039556,38
262.1392155,33.16612751,42.30463177,16.62884989,28.47526755,1272.866822,120.4649169,172.8965813,54.92498374,440.1973768,1719.840865,140.2410346,175.030652,58.29711934,286.9230361,1040.696124,108.9224584,142.6758742,55.18590276,455.7882478,435.5301998,33.47429859,39.40128789,1133.816823,164.5349288,1189.406751,69.5799147,96.90546422,25.31715916,385.1914837,1449.693463,124.6323808,304.4227566,55.73189937,456.896219,388.1718154,50.33608587,104.5509098,25.59027197,122.0194743,2618.223078,204.3216122,198.6225192,84.75898119,470.9912401,3470.889151,1127.213492,462.8645454,330.4061489,508.2432233,1550.117027,189.6783969,206.8441881,91.97481406,483.2865976,1479.138438,139.5044568,147.0465496,50.65071094,218.5002393,1727.872037,203.7689198,231.5941751,89.84992754,479.9052503,1522.702549,184.4698511,198.1819195,70.01919276,344.2604502,23
377.9004896,20.696382,31.5215262,13.36799535,24.25717189,1366.054397,86.72185675,121.4408494,49.97724351,435.0530981,1872.993467,101.7367833,123.7931872,50.53372647,277.9385589,1116.541024,85.07026287,103.0274714,47.94567605,448.789299,621.5977318,81.68787798,54.41343942,496.883262,154.8755342,1245.549157,58.63157412,77.54514483,24.05977795,379.484195,1746.235393,115.6490907,294.9186127,57.08081657,451.7409588,376.3887737,35.16150846,93.08019666,27.48153203,123.5363567,1983.648654,137.7060614,161.4040925,83.25077321,464.8286809,2960.401034,666.2437494,325.8289156,341.7156251,487.3152911,1615.693497,146.2090382,163.4748225,87.43636719,476.014487,1320.771136,101.4108912,108.32691,44.22226295,207.1017366,1730.619503,146.8244217,186.2315783,83.21374143,472.5403495,1414.244697,120.2813258,164.6208486,60.59024096,339.1105188,37
345.7373005,29.29938228,36.49593626,13.61448835,30.03688645,1433.052004,113.9400246,127.773256,46.55273792,457.3015295,1578.263839,130.8543184,140.9672802,48.73581893,290.1545954,1306.033901,107.6185822,110.2349596,45.42327667,471.791024,451.6437291,25.01534407,25.86101345,10.27945955,140.8036684,860.5205025,60.78763832,77.73600123,23.62370134,395.7448941,1477.26886,123.2199786,249.1535002,58.76022121,475.3878259,413.6222473,49.03524107,78.60395624,25.04064881,133.1891692,1807.210214,165.5849139,129.780217,78.09204094,489.4652034,2937.259407,664.2472449,294.8993974,185.9483934,507.7237673,1739.219568,168.4932575,207.3338057,78.66746986,499.8958505,1458.46069,115.2307147,133.1719149,42.44533648,218.6119677,1699.459555,173.6749244,232.0670238,77.52612251,496.0841058,1414.640143,150.550784,197.1579842,58.0228202,341.3409726,6
297.15224,31.79524269,29.16284756,12.75961562,37.9936095,1822.426914,134.6372973,101.4622778,46.64371975,639.7378143,2079.624131,178.9531847,113.47346,49.95465374,399.8639868,1556.16791,130.0741239,87.06119379,46.15096095,659.1565269,484.4706569,35.46469205,20.03673554,10.91438493,197.3419237,1301.038594,90.61232772,72.50178602,21.77694445,551.0798892,1808.652989,171.3241651,265.3052382,53.14853668,664.7081437,482.8638766,57.67777809,102.5438338,26.77319775,187.466599,2272.091594,205.9919123,174.8951858,86.63927657,683.1769518,2959.489758,493.1769121,271.9482745,180.3025908,695.5343977,2175.913088,250.0848881,157.3727066,88.92200378,699.5067098,1330.252187,154.7397106,104.426823,44.64409118,302.66288,2172.179746,256.5618738,186.9940315,87.00526891,693.5091605,1559.253461,204.6745028,169.5205584,60.61635916,475.6766179,28
264.164807,24.43311934,28.97835653,11.5028473,45.22908982,1750.34988,122.6246577,120.400992,42.43280419,685.7651375,1744.39013,126.385406,126.0639643,43.80137403,416.8441591,1428.477348,113.689046,104.1414751,44.9521299,705.7686189,752.9784095,377.2832163,313.3150091,1050.360833,2763.776209,1590.747301,75.4369605,76.08295434,22.95917993,584.86856,1890.314143,123.568908,332.0498814,55.98392382,713.3030109,545.9952,42.96195738,100.4770888,26.64310996,206.5151028,2695.967296,161.8359014,133.1667224,78.69985812,731.4607707,2759.787092,325.4855216,205.7070266,146.8657012,739.2884431,1983.533776,166.2187022,163.1867691,82.84618914,750.0559539,1281.657372,105.1000844,110.8136142,39.86144589,316.1525212,1972.936121,172.0147132,181.1639857,78.52982082,743.8466272,1704.332002,138.2696039,154.3087876,55.37366386,493.3285088,35
371.9782722,37.09605827,34.62927214,13.00955199,49.34434826,2491.885818,164.6593546,143.7546412,47.81317876,684.2291727,2593.214538,165.0516032,145.4267697,47.88303854,405.0662408,2015.99242,134.9491541,123.9325777,47.46903842,702.2668365,5485.569287,1199.863452,454.2659464,913.085879,1346.140337,1350.592857,79.90070711,90.0525517,24.46131855,578.0535969,2803.872524,153.0842254,346.6874859,62.77900578,713.100667,679.5196971,60.0545733,113.7360734,29.94104758,207.4679968,2758.283781,220.5855496,184.9273575,93.38117754,730.2784358,2991.075514,417.2300194,198.5463207,125.0735744,732.0925225,2871.359621,219.8241954,172.5726889,85.49892639,747.7653668,1824.613834,143.8032103,115.5469831,41.5521307,313.2841359,2874.371831,234.92709,180.8082575,84.42009998,741.5852955,2128.786237,186.8444231,162.6690804,57.22068381,488.1489006,14
332.2256499,26.7882197,32.02426443,11.49669386,52.57460913,1970.506108,134.0555202,134.3594617,44.61680445,784.8304411,1842.08625,131.9183536,131.3143264,41.26070271,453.6916994,1462.295777,120.9502795,108.9604249,42.90134729,805.3818801,7514.729363,1528.843257,476.8521413,1382.833075,2617.759725,1348.667136,79.29422033,64.47070871,21.68839141,660.6864793,2110.045495,130.8617029,317.3046281,55.28085463,817.6748404,683.8890346,52.08245794,126.6505999,25.37490667,240.5466133,2799.785725,183.8519315,142.9370162,79.45845082,835.407414,2929.237634,236.3057286,143.9224753,87.78161869,832.3814968,2126.178866,200.9665693,164.8221916,82.0685471,855.5764223,1497.992174,126.3492056,110.598838,36.38463509,350.0816831,2212.974142,213.7791681,190.4927977,77.78076177,848.9616474,1936.357155,174.569148,171.7550233,50.98930393,557.2196168,19
273.3172281,157.6627972,130.88692,294.6533136,155.8635774,2487.704912,87.87147785,131.6198745,339.89776,939.3199807,3181.939311,107.83646,142.7033746,43.8775827,542.5440948,1782.468297,84.35382051,106.547522,452.8224806,960.2734892,855.298287,91.12544479,110.8662253,237.2781929,361.5675542,2713.428214,61.86031134,71.9316711,45.83509862,794.2346334,2423.693825,105.7975948,297.9115092,570.4554208,975.0328444,788.9053489,39.48884163,107.4819851,28.86962887,295.9984552,2774.888922,124.1173543,124.6026312,721.3016727,995.16872,2683.146759,124.4289107,125.4962925,616.4167838,991.1066642,2575.910051,126.677842,172.2075298,864.9258107,1016.833136,2072.351593,96.78039056,121.6035823,38.42119926,421.3245908,2611.332458,128.683533,195.6628239,804.369724,1011.169511,2416.840499,112.8108464,203.18636,58.75910537,718.6912591,3
269.8055135,39.86624681,45.49649627,38.10619557,43.15012668,2555.723282,156.6141426,111.5503933,1015.348699,997.7191558,2883.865055,182.8833537,130.8344335,44.98853907,577.8093295,2021.763712,140.7749284,97.888124,1252.465724,1016.70899,766.6266659,92.91543534,64.72910067,316.4674494,397.3848107,1381.587499,115.436198,66.5511114,113.1168982,842.9372301,2755.558937,189.9560523,269.1106556,1440.199893,1031.191418,908.1212374,77.05380806,125.9361121,31.38111672,319.67017,2782.431691,227.7789647,161.2152405,1696.02285,1049.761094,2832.27058,230.7068471,118.4498157,1516.428579,1047.146998,2867.390767,231.2256672,128.8286626,1985.04465,1072.087866,1956.842635,155.6514851,102.2418491,39.64982665,449.1501656,2888.087593,249.0731799,142.3947043,1874.289243,1065.631274,2536.203787,240.5031896,144.7072321,59.09098405,752.239621,22
332.317167,56.05464048,65.78277544,26.09708674,436.5116736,2193.527647,128.7428741,101.0062858,2733.17912,1189.837263,2878.182378,146.894486,134.4282482,48.26721607,686.3891355,1833.613781,120.1922567,88.38430746,2931.89655,1203.353901,805.0289016,168.2585566,215.1479882,691.1826222,705.5956988,1484.072561,76.75269111,62.40187809,668.9678058,1014.777887,2207.793293,127.0043116,198.4642852,3172.41006,1223.152985,824.0320714,58.77949631,95.07550161,31.6639367,404.8362764,2108.874055,175.9462237,105.7155986,3417.077019,1243.41325,2483.241326,206.8186803,109.3798071,3193.1605,1241.289842,2307.876244,167.3038657,129.737711,3665.874228,1263.801349,1722.159838,128.0260004,111.1657377,39.90641548,541.4511724,2235.289096,176.391039,132.2580786,3601.138417,1257.980497,2022.043547,162.1389996,151.5827973,67.98646778,857.1881216,33
333.5681628,55.69752981,63.85299078,26.50643908,527.1111499,1743.681328,114.6371158,89.11704562,4272.029135,1407.98252,2560.129311,146.1744296,114.0709402,45.14909591,819.5325668,1283.018496,106.6044293,68.64143054,4393.272718,1422.220101,771.5779889,282.4123965,197.7423553,543.410948,907.5783369,1154.002216,78.2368389,66.77164714,2200.387659,1213.105465,1735.954213,124.574014,172.3199847,4838.472509,1448.673496,760.8775506,62.86425854,93.3697031,33.93685304,515.9507804,1729.902439,142.1425908,89.8469509,5080.940038,1469.297146,1808.143955,149.7630399,83.95545291,4877.268313,1467.440459,1667.01973,142.441961,97.62056905,5223.639005,1486.375823,1839.324938,130.7133368,96.68104291,41.45625995,669.567007,1668.395634,138.7116757,110.8864219,5172.125398,1482.095303,1631.833977,146.8298185,137.2864239,324.4661808,1032.391005,0
346.7254048,41.76444757,69.88772973,25.95250646,693.7574549,2100.122305,64.38331131,93.44585598,3724.852074,1809.010977,2318.907793,104.0461247,122.8019735,45.54018137,1012.353941,1626.431372,69.94177984,81.13051556,3804.652838,1824.251805,962.168092,152.577412,101.3624933,250.327519,1029.385024,1797.016034,52.577459,49.90303622,1918.357525,1551.460409,2176.140765,79.66951658,176.7171963,4202.859285,1855.075053,1037.225928,48.86494938,120.338916,28.53963684,664.2854917,2215.701691,107.1353152,108.2453229,4382.919845,1882.500989,2212.652548,142.7658867,104.6938285,4241.162314,1881.517844,2001.205725,102.4748345,119.993647,4576.082885,1906.571479,2281.08601,109.8857239,122.4957928,39.05360287,849.0443912,2017.049861,110.051212,137.7732976,4516.553258,1900.190185,2133.146061,121.5303877,157.9329551,339.3760325,1317.703476,25
371.3333895,56.39246417,61.20630761,29.0150883,682.076105,2102.396908,102.2755393,79.17764972,3908.944941,1868.524772,2691.801197,127.8904991,95.30142751,45.16507827,898.5254353,1517.357356,95.54639646,64.17699732,4014.2537,1880.202737,793.1565269,163.4119494,283.2723843,681.8115764,997.362908,1470.501756,68.02863435,54.38881568,1650.208371,1582.935649,2194.514579,109.0356975,176.5060614,4582.997842,1922.225245,1019.904244,71.1716182,106.7028112,34.66486702,701.9427516,1951.585127,128.9719341,88.4724688,4826.358599,1948.093061,1922.40029,124.4539882,86.97523622,4660.465157,1945.932939,1939.952959,127.1945443,95.24483472,5072.374632,1970.093711,2012.516202,125.1737616,94.72647971,43.21096163,831.7475413,1926.031925,127.1479069,110.3568987,4999.853896,1964.673038,2186.548464,150.5520588,142.6612004,270.6054831,1324.350824,18
284.8053596,52.7305381,70.22223339,32.19385093,710.9918271,1529.311945,96.07590361,82.44855114,4354.981168,1950.767899,2352.297658,112.4298492,121.641524,45.23420581,947.0381834,1083.765333,78.96305661,77.06873247,4463.841729,1962.898725,1316.263202,54.77550556,39.09452669,434.4235003,752.2876224,1121.349499,66.36082754,58.40603465,1921.797252,1658.74943,1447.076124,87.44137021,161.9536582,4829.916107,2016.401381,883.7863731,76.45108203,110.0785475,37.15915321,760.808833,1403.875513,150.436119,76.32573075,4940.735007,2030.35639,1366.708597,143.5251818,78.97176324,4762.957736,2034.634647,1349.046447,119.3386733,104.8909376,5036.464647,2064.152136,1656.743719,113.6173768,116.1951115,46.01182406,881.507723,1376.815643,130.2280352,119.6436708,4991.419806,2055.518473,1712.996409,149.1234025,162.4208258,467.118784,1384.895433,30
309.4833441,59.58936593,66.12071443,53.76010811,1196.474106,748.71067,53.85051431,34.7473617,3867.53554,2422.650747,1990.594527,119.3993991,93.14478532,51.9447972,1177.319198,530.1241074,49.41296887,32.61525592,3958.292082,2450.448451,647.1347595,43.2995472,25.20244576,12.75878393,902.097496,344.8092311,33.9457525,24.05996521,3197.173049,2116.556096,731.6152049,57.40386757,57.08130041,4256.825742,2490.731072,1046.543637,86.40666833,91.25566156,115.7576544,1235.051126,750.2823794,67.22011292,48.16856456,4528.151254,2516.657129,831.6932006,193.236902,77.57854168,4477.787971,2557.027531,769.5412764,61.65846982,47.88707104,4605.328763,2454.182055,1991.502329,130.7173292,95.37070693,121.9568439,1286.157742,761.2404439,68.25457451,52.26674024,4618.733008,2485.788896,1436.017353,108.5334329,104.1056753,2663.09838,1887.27739,9
36.81859296,28.23542534,59.719949,28.15729591,581.8314197,58.36666532,40.83138507,58.54414966,4986.111538,1346.663396,91.77081095,45.64817489,73.85389302,34.52197003,570.2733457,56.60876957,37.58547976,45.93656061,4986.266238,1344.713317,88.08530227,7.867005521,15.15595324,7.918399305,364.3970319,68.39759469,16.82296689,41.87181123,2624.156076,1127.302573,137.1155213,61.07978212,114.6690475,5326.466898,1418.365503,390.1656054,38.38098637,105.6720824,39.18064479,553.4683491,435.1500945,85.87637259,82.41780687,5300.576004,1430.36798,361.7040299,92.38515692,82.93393619,5107.554882,1424.5138,87.46443849,79.90240128,74.62796853,5281.426986,1434.941482,639.4252313,50.43722207,77.35540075,35.51364821,618.1796712,162.9558041,80.75802457,87.09559023,5294.827234,1433.142987,407.9068965,68.52056568,107.7944038,936.7490632,965.6251855,11
868.5592165,93.64156223,112.3999824,55.82141059,182.7080809,2380.791831,148.268259,134.2553972,72.19512327,305.6927476,1607.556858,105.6251984,108.3536823,51.76951639,123.4318276,1967.579879,135.3427869,115.2008101,74.23452545,308.600743,1508.819548,78.12691755,31.38676186,22.81285016,76.61496377,1215.262137,84.40857006,73.68232386,39.93171821,247.8081621,2736.530824,159.2767243,241.148534,83.11967337,320.3207155,850.1248629,57.53815376,98.73755985,41.98671609,92.35624187,3383.267457,208.5821095,183.7223509,117.2621959,328.525961,3254.22612,211.4684468,185.2879123,118.4389295,327.7975748,2852.902582,218.5260544,203.2340459,119.0048695,338.7225018,2908.679595,112.8423061,117.6802565,54.47244829,128.1099092,3068.289289,224.4172316,231.3476674,115.5849561,334.5271417,2328.40567,151.1914187,185.3121579,75.79298897,195.7156553,24
354.9161747,58.21042981,91.81757571,38.77978426,114.1049023,218.3072937,63.94166994,114.0063975,41.88318894,192.9607925,155.6184902,61.33827289,97.33408455,34.94307621,72.46883066,76.18772534,57.63428438,101.6565509,41.27218934,195.2276108,168.720517,10.99175901,15.74052159,7.648498238,48.64156571,298.4335963,27.41979068,68.66678512,20.04863559,159.0969898,297.1517814,63.02616544,275.9393818,64.57738464,207.1021299,473.963085,57.27313462,115.0516707,33.66982824,59.92389745,1657.621558,200.7577614,192.9663254,87.25885459,208.1558002,988.6885607,201.6749277,155.2395195,90.12414997,209.0830665,142.0433724,160.7008677,173.7454243,85.041097,215.0038019,1635.609043,75.3753619,104.2703358,39.35717558,77.94694551,589.2295128,178.79519,186.7982806,84.83202187,211.869382,975.2463279,122.6271561,147.652631,56.31284811,121.5383863,1
284.8340553,87.51764958,92.91301043,36.26056456,91.28716265,107.0347543,100.5582646,119.0660688,42.11211419,154.1888479,85.70593627,91.02055639,99.34038745,32.14778573,54.18552588,140.1198883,93.42785725,110.7580923,44.78415732,158.1918357,47.41420952,13.91443005,14.99122103,7.169944877,39.58368922,45.46339955,31.44244516,62.80902989,16.51658393,127.6307583,84.88864482,99.07575826,300.8348129,52.25113386,164.9772288,59.44802052,52.89295271,106.7028417,27.95941691,48.49118879,270.9079479,154.0129186,152.1090853,76.03311082,166.9290332,211.5470861,159.525373,143.8527702,78.57742004,165.5393129,126.5282886,153.1393467,181.3322431,80.59249674,173.2847463,1740.601843,96.15019406,106.1012387,36.18232189,61.12188695,216.5587401,174.9911245,206.3233449,76.47899415,169.8674692,212.7213062,156.3464152,162.1131745,51.89677024,97.40459982,32
